Test:	mc_1-5_tempramp_10_0-5
Result:	Temperature ramp
Interval:	1
Point No.	Time	Test Time	Temperature	Storage Modulus	Loss Modulus	Loss Factor	Complex Viscosity	Gap	Normal Force	Torque	Status
											
	[s]	[s]	[°C]	[Pa]	[Pa]	[1]	[mPa·s]	[mm]	[N]	[µN·m]	
1	59,575	1275	9,88	46,002	40,215	0,874	6110,2	0,000	0,14	3,6629	TruStrain™
2	119,149	1334	10,14	45,961	40,213	0,875	6107	0,000	0,25	3,661	TruStrain™
3	178,724	1394	10,63	45,835	40,124	0,875	6091,6	0,000	0,21	3,6518	TruStrain™
4	238,298	1454	11,22	45,573	39,979	0,877	6062,4	0,000	0,00	3,6343	TruStrain™
5	297,873	1513	11,83	45,22	39,777	0,88	6022,5	0,000	0,05	3,6104	TruStrain™
6	357,447	1573	12,41	44,762	39,531	0,883	5971,8	0,000	0,12	3,58	TruStrain™
7	417,022	1632	12,97	44,258	39,242	0,887	5914,9	0,000	0,22	3,5459	TruStrain™
8	476,596	1692	13,51	43,718	38,933	0,891	5854,1	0,000	0,30	3,5094	TruStrain™
9	536,171	1751	14,04	43,144	38,602	0,895	5789,2	0,000	0,01	3,4705	TruStrain™
10	595,745	1811	14,57	42,561	38,257	0,899	5722,7	0,000	0,03	3,4307	TruStrain™
11	655,320	1871	15,08	41,961	37,9	0,903	5654,3	0,000	0,28	3,3896	TruStrain™
12	714,894	1930	15,60	41,348	37,535	0,908	5584,4	0,000	0,34	3,3477	TruStrain™
13	774,468	1990	16,10	40,724	37,168	0,913	5513,5	0,000	0,09	3,3052	TruStrain™
14	834,043	2049	16,62	40,099	36,803	0,918	5442,8	0,000	0,02	3,2628	TruStrain™
15	893,617	2109	17,12	39,484	36,428	0,923	5372,1	0,000	0,08	3,2205	TruStrain™
16	953,192	2168	17,63	38,891	36,055	0,927	5303,3	0,000	0,16	3,1792	TruStrain™
17	1012,766	2228	18,13	38,27	35,688	0,933	5232,8	0,000	0,27	3,1369	TruStrain™
18	1072,341	2288	18,64	37,673	35,32	0,938	5164,1	0,000	0,15	3,0957	TruStrain™
19	1131,915	2347	19,14	37,076	34,946	0,943	5095	0,000	0,01	3,0543	TruStrain™
20	1191,490	2407	19,65	36,495	34,573	0,947	5027,1	0,000	0,06	3,0136	TruStrain™
21	1251,064	2466	20,16	35,903	34,195	0,952	4958,1	0,000	0,13	2,9723	TruStrain™
22	1310,639	2526	20,66	35,322	33,829	0,958	4890,8	0,000	0,24	2,932	TruStrain™
23	1370,213	2585	21,17	34,758	33,476	0,963	4825,8	0,000	0,27	2,8929	TruStrain™
24	1429,788	2645	21,67	34,194	33,114	0,968	4760	0,000	0,01	2,8535	TruStrain™
25	1489,362	2705	22,17	33,641	32,741	0,973	4694,3	0,000	0,24	2,8141	TruStrain™
26	1548,936	2764	22,68	33,089	32,385	0,979	4630	0,000	0,30	2,7756	TruStrain™
27	1608,511	2824	23,17	32,552	32,026	0,984	4566,6	0,000	0,36	2,7376	TruStrain™
28	1668,085	2883	23,68	32,013	31,675	0,989	4503,5	0,000	0,03	2,6997	TruStrain™
29	1727,660	2943	24,18	31,501	31,308	0,994	4441,2	0,000	0,03	2,6624	TruStrain™
30	1787,234	3002	24,68	30,986	30,974	1	4381,2	0,000	0,10	2,6264	TruStrain™
31	1846,809	3062	25,19	30,477	30,624	1	4320,5	0,000	0,19	2,59	TruStrain™
32	1906,383	3122	25,69	29,978	30,284	1,01	4261,2	0,000	0,31	2,5545	TruStrain™
33	1965,958	3181	26,19	29,476	29,941	1,02	4201,6	0,000	0,08	2,5187	TruStrain™
34	2025,532	3241	26,69	29,005	29,603	1,02	4144,4	0,000	0,02	2,4845	TruStrain™
35	2085,107	3300	27,19	28,529	29,258	1,03	4086,5	0,000	0,08	2,4497	TruStrain™
36	2144,681	3360	27,69	28,069	28,915	1,03	4029,8	0,000	0,16	2,4158	TruStrain™
37	2204,256	3419	28,19	27,606	28,593	1,04	3974,5	0,000	0,28	2,3826	TruStrain™
38	2263,830	3479	28,69	27,14	28,258	1,04	3918	0,000	0,14	2,3487	TruStrain™
39	2323,404	3539	29,19	26,719	27,927	1,05	3865	0,000	0,18	2,317	TruStrain™
40	2382,979	3598	29,70	26,284	27,613	1,05	3812,2	0,000	0,27	2,2854	TruStrain™
41	2442,553	3658	30,20	25,838	27,26	1,06	3756	0,000	0,33	2,2516	TruStrain™
42	2502,128	3717	30,70	25,416	26,951	1,06	3704,5	0,000	0,20	2,2208	TruStrain™
43	2561,702	3777	31,20	24,995	26,629	1,07	3652,2	0,000	0,01	2,1894	TruStrain™
44	2621,277	3837	31,69	24,581	26,296	1,07	3599,6	0,000	0,06	2,1579	TruStrain™
45	2680,851	3896	32,20	24,178	25,979	1,07	3548,9	0,000	0,13	2,1275	TruStrain™
46	2740,426	3956	32,70	23,809	25,667	1,08	3500,9	0,000	0,23	2,0987	TruStrain™
47	2800,000	4015	33,21	23,406	25,334	1,08	3449,1	0,000	0,30	2,0677	TruStrain™
48	2859,575	4075	33,70	23,035	25,012	1,09	3400,3	0,000	0,02	2,0384	TruStrain™
49	2919,149	4134	34,20	22,681	24,698	1,09	3353,2	0,000	0,04	2,0102	TruStrain™
50	2978,724	4194	34,70	22,319	24,367	1,09	3304,4	0,000	0,11	1,9809	TruStrain™
51	3038,298	4254	35,20	21,978	24,058	1,09	3258,6	0,000	0,20	1,9535	TruStrain™
52	3097,872	4313	35,70	21,646	23,758	1,1	3214,1	0,000	0,34	1,9268	TruStrain™
53	3157,447	4373	36,20	21,33	23,44	1,1	3169,2	0,000	0,00	1,8999	TruStrain™
54	3217,021	4432	36,71	21,031	23,126	1,1	3125,9	0,000	0,24	1,8739	TruStrain™
55	3276,596	4492	37,21	20,746	22,826	1,1	3084,5	0,000	0,29	1,8491	TruStrain™
56	3336,170	4551	37,71	20,493	22,504	1,1	3043,6	0,000	0,36	1,8246	TruStrain™
57	3395,745	4611	38,21	20,246	22,208	1,1	3005,2	0,000	0,06	1,8015	TruStrain™
58	3455,319	4671	38,71	20,057	21,92	1,09	2971,2	0,000	0,04	1,7811	TruStrain™
59	3514,894	4730	39,21	19,899	21,645	1,09	2940,2	0,000	0,10	1,7626	TruStrain™
60	3574,468	4790	39,71	19,788	21,39	1,08	2914	0,000	0,19	1,7468	TruStrain™
61	3634,043	4849	40,21	19,713	21,104	1,07	2887,9	0,000	0,31	1,7312	TruStrain™
62	3693,617	4909	40,71	19,688	20,859	1,06	2868,3	0,000	0,10	1,7195	TruStrain™
63	3753,192	4968	41,21	19,715	20,614	1,05	2852,4	0,000	0,02	1,71	TruStrain™
64	3812,766	5028	41,71	19,805	20,361	1,03	2840,5	0,000	0,08	1,7028	TruStrain™
65	3872,340	5088	42,21	19,948	20,142	1,01	2834,8	0,000	0,16	1,6994	TruStrain™
66	3931,915	5147	42,71	20,159	19,895	0,987	2832,3	0,000	0,28	1,6979	TruStrain™
67	3991,489	5207	43,21	20,436	19,668	0,962	2836,3	0,000	0,17	1,7003	TruStrain™
68	4051,064	5266	43,71	20,773	19,435	0,936	2844,7	0,000	0,21	1,7053	TruStrain™
69	4110,639	5326	44,21	21,197	19,214	0,906	2860,9	0,000	0,27	1,7151	TruStrain™
70	4170,213	5385	44,71	21,725	18,97	0,873	2884,2	0,000	0,33	1,729	TruStrain™
71	4229,788	5445	45,21	22,33	18,743	0,839	2915,4	0,000	0,18	1,7477	TruStrain™
72	4289,363	5505	45,71	23,032	18,487	0,803	2953,3	0,000	0,02	1,7705	TruStrain™
73	4348,937	5564	46,21	23,9	18,237	0,763	3006,3	0,000	0,07	1,8022	TruStrain™
74	4408,512	5624	46,72	24,887	17,97	0,722	3069,6	0,000	0,15	1,8402	TruStrain™
75	4468,087	5683	47,22	26,074	17,721	0,68	3152,6	0,000	0,25	1,8899	TruStrain™
76	4527,661	5743	47,71	27,488	17,439	0,634	3255,3	0,000	0,28	1,9515	TruStrain™
77	4587,236	5802	48,22	29,192	17,181	0,589	3387,3	0,000	0,03	2,0306	TruStrain™
78	4646,811	5862	48,72	31,238	16,879	0,54	3550,7	0,000	0,06	2,1285	TruStrain™
79	4706,386	5922	49,22	33,712	16,583	0,492	3757	0,000	0,13	2,2522	TruStrain™
80	4765,960	5981	49,72	36,719	16,261	0,443	4015,9	0,000	0,23	2,4074	TruStrain™
81	4825,535	6041	50,21	40,356	15,945	0,395	4339,2	0,000	0,36	2,6012	TruStrain™
82	4885,110	6100	50,73	44,784	15,58	0,348	4741,6	0,000	0,18	2,8425	TruStrain™
83	4944,684	6160	51,21	50,163	15,205	0,303	5241,7	0,000	0,26	3,1423	TruStrain™
84	5004,259	6220	51,72	56,668	14,817	0,261	5857,4	0,000	0,33	3,5113	TruStrain™
85	5063,834	6279	52,23	64,551	14,405	0,223	6613,9	0,000	0,40	3,9649	TruStrain™
86	5123,408	6339	52,72	74,059	13,969	0,189	7536,5	0,000	0,10	4,5179	TruStrain™
87	5182,983	6398	53,23	85,515	13,54	0,158	8658	0,000	0,11	5,1903	TruStrain™
88	5242,558	6458	53,72	99,271	13,096	0,132	10013	0,000	0,19	6,0026	TruStrain™
89	5302,133	6517	54,23	115,7	12,664	0,109	11639	0,000	0,29	6,9771	TruStrain™
90	5361,707	6577	54,72	135,3	12,288	0,0908	13586	0,000	0,44	8,1446	TruStrain™
91	5421,282	6637	55,22	158,38	11,912	0,0752	15882	0,000	0,27	9,5212	TruStrain™
92	5480,857	6696	55,72	185,48	11,596	0,0625	18584	0,000	0,24	11,141	TruStrain™
93	5540,431	6756	56,22	217,14	11,331	0,0522	21744	0,000	0,34	13,035	TruStrain™
94	5600,006	6815	56,72	253,9	11,12	0,0438	25414	0,000	0,48	15,235	TruStrain™
95	5659,581	6875	57,22	296,15	10,965	0,037	29636	0,000	0,65	17,766	TruStrain™
96	5719,156	6934	57,72	344,47	10,907	0,0317	34465	0,000	0,58	20,661	TruStrain™
97	5778,730	6994	58,22	399,38	10,922	0,0273	39953	0,000	0,69	23,951	TruStrain™
98	5838,305	7054	58,72	461,19	11,048	0,024	46132	0,001	0,86	27,655	TruStrain™
99	5897,880	7113	59,23	530,39	11,255	0,0212	53051	0,001	1,06	31,803	TruStrain™
100	5957,454	7173	59,72	606,98	11,533	0,019	60709	0,001	1,29	36,394	TruStrain™
101	6017,029	7232	60,23	690,88	11,919	0,0173	69098	0,001	1,27	41,423	TruStrain™
102	6076,604	7292	60,73	781,66	12,363	0,0158	78176	0,001	1,42	46,864	TruStrain™
103	6136,178	7351	61,22	877,96	12,884	0,0147	87806	0,001	1,68	52,638	TruStrain™
104	6195,753	7411	61,73	978,16	13,439	0,0137	97825	0,001	1,91	58,644	TruStrain™
105	6255,328	7471	62,22	1079,5	13,958	0,0129	1,0796E+05	0,001	2,12	64,721	TruStrain™
106	6314,903	7530	62,73	1179,8	14,485	0,0123	1,1799E+05	0,001	2,17	70,731	TruStrain™
107	6374,478	7590	63,22	1275,7	15,178	0,0119	1,2758E+05	0,001	2,16	76,481	TruStrain™
108	6434,052	7649	63,73	1364,2	15,628	0,0115	1,3642E+05	0,001	2,24	81,783	TruStrain™
109	6493,627	7709	64,23	1442,5	15,988	0,0111	1,4426E+05	0,001	2,29	86,483	TruStrain™
110	6553,201	7768	64,72	1506,3	16,306	0,0108	1,5064E+05	0,001	2,31	90,306	TruStrain™
111	6612,776	7828	65,23	1561,8	16,495	0,0106	1,5619E+05	0,001	2,18	93,629	TruStrain™
112	6672,351	7888	65,72	1607,7	16,614	0,0103	1,6078E+05	0,001	2,05	96,382	TruStrain™
113	6731,926	7947	66,23	1647,5	16,783	0,0102	1,6476E+05	0,001	1,99	98,767	TruStrain™
114	6791,500	8007	66,73	1684,8	16,914	0,01	1,6849E+05	0,001	1,94	101	TruStrain™
115	6851,075	8066	67,23	1723,4	17,181	0,00997	1,7235E+05	0,001	1,92	103,32	TruStrain™
116	6910,650	8126	67,73	1764,1	17,508	0,00992	1,7642E+05	0,001	1,70	105,76	TruStrain™
117	6970,224	8185	68,22	1805	18,031	0,00999	1,8051E+05	0,001	1,47	108,21	TruStrain™
118	7029,799	8245	68,73	1854,7	18,547	0,01	1,8548E+05	0,001	1,39	111,19	TruStrain™
119	7089,375	8305	69,22	1908,2	19,262	0,0101	1,9083E+05	0,001	1,35	114,4	TruStrain™
120	7148,948	8364	69,72	1964,4	20,007	0,0102	1,9645E+05	0,001	1,36	117,77	TruStrain™
121	7208,523	8424	70,23	2022,7	20,876	0,0103	2,0228E+05	0,001	1,19	121,26	TruStrain™
122	7268,098	8483	70,73	2081,8	21,818	0,0105	2,0819E+05	0,001	0,98	124,81	TruStrain™
123	7327,673	8543	71,24	2136,7	22,796	0,0107	2,1369E+05	0,001	0,91	128,1	TruStrain™
124	7387,248	8602	71,72	2192,4	23,916	0,0109	2,1925E+05	0,001	0,90	131,44	TruStrain™
125	7446,822	8662	72,22	2220,8	25,002	0,0113	2,2209E+05	0,001	1,00	133,14	TruStrain™
126	7506,397	8722	72,73	2275	25,971	0,0114	2,2751E+05	0,000	0,73	136,39	TruStrain™
127	7565,971	8781	73,23	2337,1	27,058	0,0116	2,3373E+05	0,000	0,62	140,11	TruStrain™
128	7625,546	8841	73,73	2403,5	28,295	0,0118	2,4037E+05	0,000	0,62	144,1	TruStrain™
129	7685,122	8900	74,23	2469,7	29,618	0,012	2,4698E+05	0,000	0,66	148,06	TruStrain™
130	7744,696	8960	74,73	2537,4	30,916	0,0122	2,5376E+05	0,000	0,72	152,12	TruStrain™
131	7804,271	9020	75,23	2604	32,272	0,0124	2,6042E+05	0,000	0,60	156,12	TruStrain™
132	7863,845	9079	75,74	2670,6	33,652	0,0126	2,6708E+05	0,000	0,45	160,11	TruStrain™
133	7923,420	9139	76,23	2734,1	35,172	0,0129	2,7343E+05	0,000	0,48	163,91	TruStrain™
134	7982,994	9198	76,74	2794,5	36,703	0,0131	2,7947E+05	0,000	0,54	167,54	TruStrain™
135	8042,569	9258	77,23	2843,5	38,199	0,0134	2,8437E+05	0,000	0,62	170,48	TruStrain™
136	8102,145	9317	77,73	2880,8	39,808	0,0138	2,8811E+05	0,000	0,63	172,72	TruStrain™
137	8161,719	9377	78,24	2913,3	41,32	0,0142	2,9136E+05	0,000	0,37	174,66	TruStrain™
138	8221,293	9437	78,73	2941,5	43,208	0,0147	2,9418E+05	0,000	0,38	176,35	TruStrain™
139	8280,867	9496	79,23	2942,7	44,875	0,0152	2,943E+05	0,000	0,55	176,43	TruStrain™
140	8340,442	9556	79,73	2881,7	46,302	0,0161	2,8821E+05	0,000	0,49	172,78	TruStrain™
141	8400,017	9615	80,24	2792,2	47,523	0,017	2,7926E+05	0,000	0,25	167,41	TruStrain™
1	8459,593	9675	80,24	2625,5	48,635	0,0185	2,626E+05	0,000	0,05	157,42	TruStrain™
2	8519,166	9734	79,59	2308,4	48,393	0,021	2,3089E+05	0,000	0,09	138,42	TruStrain™
3	8578,741	9794	78,92	1890,1	48,043	0,0254	1,8908E+05	0,000	0,18	113,35	TruStrain™
4	8638,315	9854	78,41	1466,9	42,726	0,0291	1,4675E+05	0,000	0,28	87,979	TruStrain™
5	8697,891	9913	77,87	1172,4	38,921	0,0332	1,1731E+05	0,000	0,21	70,321	TruStrain™
6	8757,465	9973	77,35	801,79	30,833	0,0385	80239	0,000	0,02	48,098	TruStrain™
7	8817,039	1,003E+04	76,85	493,26	23,911	0,0485	49384	0,000	0,06	29,608	TruStrain™
8	8876,613	1,009E+04	76,34	273,64	15,63	0,0571	27408	0,000	0,13	16,432	TruStrain™
9	8936,188	1,015E+04	75,82	164,44	9,9345	0,0604	16474	0,000	0,24	9,8761	TruStrain™
10	8995,763	1,021E+04	75,32	136,8	7,1781	0,0525	13699	0,000	0,28	8,2119	TruStrain™
11	9055,338	1,027E+04	74,81	117,55	5,8856	0,0501	11770	0,000	0,02	7,0559	TruStrain™
12	9114,911	1,033E+04	74,30	106,47	5,0304	0,0472	10659	0,000	0,03	6,3898	TruStrain™
13	9174,486	1,039E+04	73,81	96,347	4,3752	0,0454	9644,7	0,000	0,29	5,7818	TruStrain™
14	9234,061	1,045E+04	73,30	89,876	4,0738	0,0453	8996,8	0,000	0,36	5,3933	TruStrain™
15	9293,635	1,051E+04	72,81	84,047	3,9418	0,0469	8413,9	0,000	0,04	5,044	TruStrain™
16	9353,209	1,057E+04	72,31	79,298	3,9519	0,0498	7939,6	0,000	0,03	4,7596	TruStrain™
17	9412,783	1,063E+04	71,80	76,885	4,4174	0,0575	7701,2	0,000	0,10	4,6163	TruStrain™
18	9472,358	1,069E+04	71,29	78,324	4,2103	0,0538	7843,7	0,000	0,18	4,7022	TruStrain™
19	9531,933	1,075E+04	70,79	76,769	4,3322	0,0564	7689,1	0,000	0,30	4,6097	TruStrain™
20	9591,508	1,081E+04	70,30	67,477	5,4853	0,0813	6769,9	0,000	0,03	4,0585	TruStrain™
21	9651,081	1,087E+04	69,79	66,092	4,3547	0,0659	6623,6	0,000	-0,01	3,9705	TruStrain™
22	9710,656	1,093E+04	69,30	64,772	5,1431	0,0794	6497,6	0,000	0,05	3,8947	TruStrain™
23	9770,230	1,099E+04	68,80	61,801	4,1824	0,0677	6194,2	0,000	0,14	3,7129	TruStrain™
24	9829,806	1,105E+04	68,29	60,512	3,7122	0,0613	6062,6	0,000	0,25	3,6344	TruStrain™
25	9889,380	1,11E+04	67,80	56,738	3,4308	0,0605	5684,2	0,000	0,07	3,4076	TruStrain™
26	9948,954	1,116E+04	67,29	53,414	3,0227	0,0566	5349,9	0,000	-0,02	3,2073	TruStrain™
27	10008,528	1,122E+04	66,80	51,336	2,9587	0,0576	5142,1	0,000	0,22	3,0825	TruStrain™
28	10068,103	1,128E+04	66,29	48,372	2,4831	0,0513	4843,5	0,000	0,28	2,9036	TruStrain™
29	10127,677	1,134E+04	65,78	44,6	2,522	0,0565	4467,1	0,000	0,18	2,6777	TruStrain™
30	10187,251	1,14E+04	65,29	42,097	2,5541	0,0607	4217,5	0,000	-0,01	2,5282	TruStrain™
31	10246,826	1,146E+04	64,79	38,65	2,2128	0,0573	3871,4	0,000	0,04	2,3208	TruStrain™
32	10306,400	1,152E+04	64,30	35,413	1,7974	0,0508	3545,9	0,000	0,12	2,1257	TruStrain™
33	10365,975	1,158E+04	63,78	34,18	1,6377	0,0479	3421,9	0,000	0,22	2,0514	TruStrain™
34	10425,549	1,164E+04	63,29	31,998	1,4478	0,0452	3203	0,000	0,18	1,9201	TruStrain™
35	10485,124	1,17E+04	62,80	28,337	1,4135	0,0499	2837,2	0,000	-0,01	1,7006	MV-,TruStrain™
36	10544,698	1,176E+04	62,29	26,503	0,85977	0,0324	2651,7	0,000	0,03	1,5896	TruStrain™
37	10604,273	1,182E+04	61,80	25,925	0,8735	0,0337	2594	0,000	0,11	1,555	TruStrain™
38	10663,847	1,188E+04	61,29	25,165	0,82105	0,0326	2517,8	0,000	0,22	1,5094	TruStrain™
39	10723,422	1,194E+04	60,79	24,416	0,81901	0,0335	2442,9	0,000	0,19	1,4645	TruStrain™
40	10782,996	1,2E+04	60,28	23,815	0,78957	0,0332	2382,8	0,000	-0,03	1,4285	TruStrain™
41	10842,571	1,206E+04	59,79	23,354	0,77807	0,0333	2336,7	0,000	0,19	1,4008	TruStrain™
42	10902,145	1,212E+04	59,31	22,672	0,76716	0,0338	2268,5	0,000	0,26	1,3599	TruStrain™
43	10961,720	1,218E+04	58,79	22,236	0,74502	0,0335	2224,9	0,000	0,27	1,3338	TruStrain™
44	11021,294	1,224E+04	58,29	21,719	0,73479	0,0338	2173,1	0,000	-0,03	1,3027	TruStrain™
45	11080,868	1,23E+04	57,79	21,331	0,74191	0,0348	2134,4	0,000	0,00	1,2795	TruStrain™
46	11140,443	1,236E+04	57,29	20,962	0,7414	0,0354	2097,5	0,000	0,07	1,2574	TruStrain™
47	11200,017	1,242E+04	56,79	20,558	0,73713	0,0359	2057,1	0,000	0,17	1,2332	TruStrain™
48	11259,592	1,247E+04	56,29	20,241	0,72424	0,0358	2025,4	0,000	0,27	1,2142	TruStrain™
49	11319,166	1,253E+04	55,79	19,768	0,70543	0,0357	1978,1	0,000	-0,03	1,1858	TruStrain™
50	11378,741	1,259E+04	55,29	19,374	0,67135	0,0347	1938,6	0,000	-0,01	1,1621	TruStrain™
51	11438,315	1,265E+04	54,80	19,153	0,66935	0,0349	1916,5	0,000	0,06	1,1489	TruStrain™
52	11497,890	1,271E+04	54,29	18,783	0,75926	0,0404	1879,8	0,000	0,15	1,1269	TruStrain™
53	11557,464	1,277E+04	53,80	18,389	0,68242	0,0371	1840,2	0,000	0,28	1,1032	TruStrain™
54	11617,040	1,283E+04	53,28	18,062	0,69391	0,0384	1807,5	0,000	-0,03	1,0835	TruStrain™
55	11676,613	1,289E+04	52,80	17,683	0,67662	0,0383	1769,6	0,000	0,04	1,0608	TruStrain™
56	11736,188	1,295E+04	52,30	17,418	0,65943	0,0379	1743,1	0,000	0,22	1,0449	TruStrain™
57	11795,762	1,301E+04	51,80	17,137	0,66363	0,0387	1715	0,000	0,28	1,0281	TruStrain™
58	11855,336	1,307E+04	51,31	16,913	0,64354	0,038	1692,6	0,000	0,05	1,0146	TruStrain™
59	11914,911	1,313E+04	50,79	16,379	0,64092	0,0391	1639,2	0,000	-0,04	0,98266	TruStrain™
60	11974,485	1,319E+04	50,31	15,994	0,63122	0,0395	1600,7	0,000	0,02	0,95956	TruStrain™
61	12034,060	1,325E+04	49,79	15,69	0,61697	0,0393	1570,2	0,000	0,11	0,94131	TruStrain™
62	12093,634	1,331E+04	49,29	15,411	0,62136	0,0403	1542,3	0,000	0,22	0,9246	TruStrain™
63	12153,209	1,337E+04	48,81	15,163	0,61353	0,0405	1517,5	0,000	0,07	0,90973	TruStrain™
64	12212,783	1,343E+04	48,30	14,727	0,61093	0,0415	1473,9	0,000	-0,04	0,88359	TruStrain™
65	12272,358	1,349E+04	47,80	14,293	0,63898	0,0447	1430,7	0,000	0,01	0,85767	TruStrain™
66	12331,932	1,355E+04	47,30	14,091	0,58711	0,0417	1410,3	0,000	0,09	0,84545	TruStrain™
67	12391,507	1,361E+04	46,79	13,824	0,60016	0,0434	1383,7	0,000	0,20	0,82946	TruStrain™
68	12451,082	1,367E+04	46,31	13,572	0,57982	0,0427	1358,4	0,000	0,11	0,81433	TruStrain™
69	12510,656	1,373E+04	45,79	13,337	0,58724	0,044	1335	0,000	-0,05	0,8003	TruStrain™
70	12570,230	1,379E+04	45,31	13,116	0,57222	0,0436	1312,8	0,000	0,19	0,787	TruStrain™
71	12629,805	1,385E+04	44,80	12,695	0,57336	0,0452	1270,8	0,000	0,25	0,76182	TruStrain™
72	12689,380	1,39E+04	44,32	12,324	0,58756	0,0477	1233,8	0,000	0,14	0,73964	TruStrain™
73	12748,955	1,396E+04	43,81	11,989	0,54428	0,0454	1200,2	0,000	-0,06	0,71948	TruStrain™
74	12808,529	1,402E+04	43,31	11,759	0,52931	0,045	1177,1	0,000	-0,01	0,70562	TruStrain™
75	12868,104	1,408E+04	42,81	11,43	0,51644	0,0452	1144,1	0,000	0,07	0,68587	TruStrain™
76	12927,678	1,414E+04	42,31	11,145	0,50197	0,045	1115,7	0,000	0,17	0,66881	TruStrain™
77	12987,253	1,42E+04	41,81	10,832	0,49477	0,0457	1084,3	0,000	0,19	0,65001	TruStrain™
78	13046,829	1,426E+04	41,30	10,501	0,49777	0,0474	1051,3	0,000	-0,06	0,6302	TruStrain™
79	13106,403	1,432E+04	40,81	10,331	0,49374	0,0478	1034,3	0,000	-0,02	0,62005	TruStrain™
80	13165,977	1,438E+04	40,30	9,9214	0,48974	0,0494	993,35	0,000	0,05	0,59549	TruStrain™
81	13225,552	1,444E+04	39,80	9,7654	0,48792	0,05	977,76	0,000	0,15	0,58615	TruStrain™
82	13285,127	1,45E+04	39,30	9,6248	0,48578	0,0505	963,71	0,000	0,23	0,57772	TruStrain™
83	13344,701	1,456E+04	38,79	9,4176	0,48072	0,051	942,99	0,000	-0,06	0,5653	TruStrain™
84	13404,276	1,462E+04	38,29	9,1763	0,47222	0,0515	918,85	0,000	0,16	0,55082	TruStrain™
85	13463,851	1,468E+04	37,78	8,9291	0,47758	0,0535	894,19	0,000	0,22	0,53604	TruStrain™
86	13523,425	1,474E+04	37,29	8,6451	0,47917	0,0554	865,83	0,000	0,28	0,51905	TruStrain™
87	13583,000	1,48E+04	36,80	8,4715	0,48769	0,0576	848,55	0,000	-0,05	0,50869	TruStrain™
88	13642,575	1,486E+04	36,29	8,227	0,4966	0,0604	824,2	0,000	-0,04	0,49409	TruStrain™
89	13702,150	1,492E+04	35,80	8,1489	0,53041	0,0651	816,61	0,000	0,03	0,48954	TruStrain™
90	13761,724	1,498E+04	35,30	8,1653	0,54412	0,0666	818,34	0,000	0,12	0,49058	TruStrain™
91	13821,299	1,504E+04	34,80	7,7936	0,5411	0,0694	781,23	0,000	0,25	0,46833	TruStrain™
92	13880,875	1,51E+04	34,30	7,5748	0,57606	0,0761	759,66	0,000	-0,03	0,4554	TruStrain™
93	13940,448	1,516E+04	33,80	7,1252	0,57771	0,0811	714,86	0,000	-0,05	0,42854	TruStrain™
94	14000,023	1,522E+04	33,31	6,985	0,59336	0,0849	701,02	0,000	0,02	0,42024	TruStrain™
95	14059,598	1,527E+04	32,81	6,9309	0,59932	0,0865	695,68	0,000	0,11	0,41704	TruStrain™
96	14119,173	1,533E+04	32,31	6,9185	0,60649	0,0877	694,51	0,000	0,23	0,41634	TruStrain™
97	14178,748	1,539E+04	31,81	6,7771	0,64263	0,0948	680,75	0,000	0,01	0,40809	TruStrain™
98	14238,322	1,545E+04	31,31	6,8364	0,65372	0,0956	686,76	0,000	0,12	0,4117	TruStrain™
99	14297,897	1,551E+04	30,81	7,0977	0,70044	0,0987	713,22	0,000	0,21	0,42756	TruStrain™
100	14357,471	1,557E+04	30,31	7,5773	0,75042	0,099	761,44	0,000	0,27	0,45647	TruStrain™
101	14417,046	1,563E+04	29,82	8,102	0,83273	0,103	814,47	0,000	0,03	0,48826	TruStrain™
102	14476,622	1,569E+04	29,32	8,7427	0,8942	0,102	878,83	0,000	-0,04	0,52684	TruStrain™
103	14536,195	1,575E+04	28,82	9,4423	1,01	0,107	949,61	0,000	0,02	0,56927	TruStrain™
104	14595,770	1,581E+04	28,32	10,211	1,2159	0,119	1028,3	0,000	0,10	0,61642	TruStrain™
105	14655,345	1,587E+04	27,83	11,863	1,5329	0,129	1196,2	0,000	0,22	0,71708	TruStrain™
106	14714,920	1,593E+04	27,32	13,47	2,1207	0,157	1363,6	0,000	0,07	0,81742	TruStrain™
107	14774,495	1,599E+04	26,83	15,379	2,7631	0,18	1562,5	0,000	-0,04	0,93667	TruStrain™
108	14834,069	1,605E+04	26,34	17,195	3,4388	0,2	1753,6	0,000	0,02	1,0512	TruStrain™
109	14893,644	1,611E+04	25,84	18,227	4,0659	0,223	1867,5	0,000	0,10	1,1195	TruStrain™
110	14953,218	1,617E+04	25,34	18,878	4,6375	0,246	1943,9	0,000	0,22	1,1653	TruStrain™
111	15012,793	1,623E+04	24,83	19,46	5,3899	0,277	2019,3	0,000	0,11	1,2105	TruStrain™
112	15072,369	1,629E+04	24,34	20,9	6,9535	0,333	2202,7	0,000	-0,10	1,3205	TruStrain™
113	15131,943	1,635E+04	23,84	24,672	9,3113	0,377	2637,1	0,000	0,21	1,5809	TruStrain™
114	15191,517	1,641E+04	23,34	30,447	11,737	0,385	3263,1	0,000	0,27	1,9562	TruStrain™
115	15251,092	1,647E+04	22,85	34,772	13,73	0,395	3738,4	0,000	0,20	2,2411	TruStrain™
116	15310,667	1,653E+04	22,35	37,584	15,699	0,418	4073,1	0,000	-0,03	2,4417	TruStrain™
117	15370,242	1,659E+04	21,85	39,672	17,547	0,442	4337,9	0,000	0,02	2,6005	TruStrain™
118	15429,816	1,665E+04	21,35	41,443	19,436	0,469	4577,5	0,000	0,09	2,7441	TruStrain™
119	15489,391	1,67E+04	20,86	43,269	21,449	0,496	4829,3	0,000	0,20	2,8951	TruStrain™
120	15548,965	1,676E+04	20,36	44,884	23,45	0,522	5064,1	0,000	0,25	3,0358	TruStrain™
121	15608,541	1,682E+04	19,86	46,426	25,509	0,549	5297,3	0,000	-0,03	3,1756	TruStrain™
122	15668,116	1,688E+04	19,36	48,65	28,161	0,579	5621,2	0,000	0,00	3,3697	TruStrain™
123	15727,690	1,694E+04	18,86	50,427	30,465	0,604	5891,5	0,000	0,07	3,5318	TruStrain™
124	15787,264	1,7E+04	18,37	50,976	32,14	0,63	6026,2	0,000	0,17	3,6126	TruStrain™
125	15846,839	1,706E+04	17,87	51,415	33,63	0,654	6143,6	0,000	0,30	3,683	TruStrain™
126	15906,415	1,712E+04	17,37	51,247	34,601	0,675	6183,5	0,000	0,04	3,7068	TruStrain™
127	15965,988	1,718E+04	16,88	50,817	35,28	0,694	6186,3	0,000	0,21	3,7085	TruStrain™
128	16025,563	1,724E+04	16,38	50,464	35,899	0,711	6193	0,000	0,26	3,7125	TruStrain™
129	16085,138	1,73E+04	15,88	50,297	36,503	0,726	6214,7	0,000	0,33	3,7256	TruStrain™
130	16144,713	1,736E+04	15,38	50,141	37,077	0,739	6236	0,000	0,06	3,7384	TruStrain™
131	16204,288	1,742E+04	14,89	50,09	37,628	0,751	6264,9	0,000	0,02	3,7556	TruStrain™
132	16263,862	1,748E+04	14,39	50,151	38,132	0,76	6300,1	0,000	0,08	3,7768	TruStrain™
133	16323,437	1,754E+04	13,89	50,31	38,675	0,769	6345,8	0,000	0,17	3,8041	TruStrain™
134	16383,011	1,76E+04	13,40	50,613	39,261	0,776	6405,6	0,000	0,29	3,84	TruStrain™
135	16442,585	1,766E+04	12,91	50,908	39,818	0,782	6463	0,000	0,08	3,8744	TruStrain™
136	16502,162	1,772E+04	12,41	51,303	40,389	0,787	6529,4	0,000	0,00	3,9142	TruStrain™
137	16561,736	1,778E+04	11,92	51,806	40,974	0,791	6605	0,000	0,06	3,9596	TruStrain™
138	16621,310	1,784E+04	11,42	52,344	41,557	0,794	6683,5	0,000	0,14	4,0066	TruStrain™
139	16680,884	1,79E+04	10,93	52,931	42,135	0,796	6765,4	0,000	0,25	4,0557	TruStrain™
140	16740,458	1,796E+04	10,43	53,615	42,724	0,797	6855,6	0,000	0,21	4,1097	TruStrain™
141	16800,033	1,802E+04	9,94	54,321	43,328	0,798	6948,5	0,000	0,19	4,1654	TruStrain™

