Test:	mc_1-5_tempramp_1_1
Result:	Temperature ramp
Interval:	1
Point No.	Time	Test Time	Temperature	Storage Modulus	Loss Modulus	Loss Factor	Complex Viscosity	Gap	Normal Force	Torque	Status
											
	[s]	[s]	[°C]	[Pa]	[Pa]	[1]	[mPa·s]	[mm]	[N]	[µN·m]	
1	102,440	740,4	9,98	10,505	14,569	1,39	17961	0,000	-13,03	1,0768	WMa,TruStrain™
2	204,879	842,8	11,69	10,404	14,466	1,39	17819	0,000	-13,05	1,0682	TruStrain™
3	307,318	945,3	13,82	10,051	14,115	1,4	17328	0,000	-12,89	1,0388	TruStrain™
4	409,757	1048	15,73	9,5664	13,622	1,42	16645	0,000	-13,06	0,99786	TruStrain™
5	512,196	1150	17,58	9,0165	13,061	1,45	15871	0,000	-12,87	0,95145	TruStrain™
6	614,635	1253	19,39	8,4519	12,468	1,48	15063	0,000	-12,77	0,90298	TruStrain™
7	717,074	1355	21,17	7,8932	11,867	1,5	14253	0,000	-13,09	0,8544	TruStrain™
8	819,513	1457	22,95	7,3431	11,265	1,53	13447	0,000	-12,96	0,80612	TruStrain™
9	921,952	1560	24,70	6,8289	10,686	1,56	12682	0,000	-12,81	0,76026	TruStrain™
10	1024,391	1662	26,48	6,3425	10,117	1,6	11941	0,000	-13,08	0,71584	TruStrain™
11	1126,830	1765	28,23	5,8831	9,5755	1,63	11238	0,000	-12,95	0,67371	TruStrain™
12	1229,269	1867	30,00	5,4504	9,0626	1,66	10575	0,000	-12,84	0,63396	TruStrain™
13	1331,708	1970	31,74	5,0669	8,5592	1,69	9946,5	0,000	-13,07	0,59627	TruStrain™
14	1434,147	2072	33,51	4,7294	8,077	1,71	9359,8	0,000	-12,79	0,5611	TruStrain™
15	1536,586	2175	35,26	4,3855	7,6316	1,74	8801,9	0,000	-13,09	0,52765	TruStrain™
16	1639,025	2277	37,01	4,0984	7,2066	1,76	8290,5	0,000	-13,01	0,49699	TruStrain™
17	1741,464	2379	38,77	3,8658	6,8047	1,76	7826,2	0,000	-12,83	0,46916	TruStrain™
18	1843,903	2482	40,52	3,7003	6,4459	1,74	7432,5	0,000	-13,10	0,44556	TruStrain™
19	1946,342	2584	42,28	3,6188	6,1231	1,69	7112,5	0,000	-13,00	0,42638	TruStrain™
20	2048,780	2687	44,03	3,6807	5,8816	1,6	6938,4	0,000	-12,81	0,41594	TruStrain™
21	2151,219	2789	45,78	4,0128	5,7559	1,43	7016,6	0,000	-13,09	0,42063	TruStrain™
22	2253,658	2892	47,53	4,7317	5,7364	1,21	7436,1	0,000	-12,82	0,44578	TruStrain™
23	2356,097	2994	49,29	5,998	5,8272	0,972	8362,6	0,000	-12,98	0,50132	TruStrain™
24	2458,536	3096	51,04	8,1248	5,9559	0,733	10074	0,000	-13,05	0,60391	TruStrain™
25	2560,975	3199	52,79	11,721	6,1358	0,523	13230	0,000	-12,89	0,79309	TruStrain™
26	2663,414	3301	54,54	18,345	6,2553	0,341	19382	0,000	-13,00	1,1619	TruStrain™
27	2765,853	3404	56,30	31,244	6,2197	0,199	31857	0,000	-13,02	1,9098	TruStrain™
28	2868,292	3506	58,06	56,795	6,2387	0,11	57137	0,000	-12,84	3,4252	TruStrain™
29	2970,731	3609	59,81	105,03	6,8459	0,0652	1,0525E+05	0,000	-12,95	6,3098	TruStrain™
30	3073,170	3711	61,56	188,38	8,569	0,0455	1,8858E+05	0,000	-12,68	11,305	TruStrain™
31	3175,609	3814	63,32	319,32	11,488	0,036	3,1953E+05	0,000	-12,44	19,155	TruStrain™
32	3278,048	3916	65,07	500,48	14,616	0,0292	5,007E+05	0,000	-12,55	30,016	TruStrain™
33	3380,487	4018	66,81	702,18	15,711	0,0224	7,0236E+05	0,000	-12,37	42,104	TruStrain™
34	3482,926	4121	68,58	888,68	16,873	0,019	8,8884E+05	0,000	-12,34	53,284	TruStrain™
35	3585,365	4223	70,32	1082,8	19,988	0,0185	1,083E+06	0,000	-12,74	64,925	TruStrain™
36	3687,804	4326	72,08	1306	24,735	0,0189	1,3063E+06	0,000	-12,72	78,308	TruStrain™
37	3790,243	4428	73,83	1550,6	30,388	0,0196	1,5509E+06	0,000	-12,67	92,973	TruStrain™
38	3892,682	4531	75,58	1797,1	36,01	0,02	1,7975E+06	0,000	-12,97	107,75	TruStrain™
39	3995,121	4633	77,35	2035,2	41,499	0,0204	2,0357E+06	0,000	-12,68	122,03	TruStrain™
40	4097,560	4736	79,09	2264	47,378	0,0209	2,2645E+06	0,000	-13,00	135,75	TruStrain™
41	4199,999	4838	80,86	2485,5	53,358	0,0215	2,4861E+06	0,000	-12,93	149,04	TruStrain™
1	4302,441	4940	80,01	2682,1	56,436	0,021	2,6827E+06	0,000	-12,82	160,82	TruStrain™
2	4404,880	5043	77,70	2802,1	55,976	0,02	2,8026E+06	0,000	-13,20	168,01	TruStrain™
3	4507,319	5145	75,91	2813,6	58,305	0,0207	2,8142E+06	0,000	-13,15	168,7	TruStrain™
4	4609,758	5248	74,09	2788,5	50,543	0,0181	2,789E+06	0,000	-12,99	167,19	TruStrain™
5	4712,197	5350	72,31	2734,9	47,733	0,0175	2,7353E+06	0,000	-13,29	163,98	TruStrain™
6	4814,636	5453	70,55	2657,3	45,73	0,0172	2,6577E+06	0,000	-13,01	159,33	TruStrain™
7	4917,075	5555	68,77	2585,4	42,746	0,0165	2,5857E+06	0,000	-13,16	155,01	TruStrain™
8	5019,514	5657	67,02	2519,2	40,117	0,0159	2,5195E+06	0,000	-13,23	151,04	TruStrain™
9	5121,953	5760	65,27	2441,1	38,083	0,0156	2,4414E+06	0,000	-13,08	146,36	TruStrain™
10	5224,392	5862	63,51	2346,3	36,147	0,0154	2,3466E+06	0,000	-13,26	140,67	TruStrain™
11	5326,831	5965	61,75	2259,3	34,131	0,0151	2,2595E+06	0,000	-13,25	135,45	TruStrain™
12	5429,270	6067	59,98	2162,3	32,869	0,0152	2,1626E+06	0,000	-13,10	129,64	TruStrain™
13	5531,709	6170	58,24	2057,4	30,243	0,0147	2,0576E+06	0,000	-13,29	123,35	TruStrain™
14	5634,148	6272	56,50	1947,4	28,633	0,0147	1,9476E+06	0,000	-13,08	116,75	TruStrain™
15	5736,587	6375	54,76	1835,1	26,912	0,0147	1,8353E+06	0,000	-12,99	110,02	TruStrain™
16	5839,026	6477	52,99	1719,8	25,08	0,0146	1,72E+06	0,000	-13,32	103,11	TruStrain™
17	5941,465	6579	51,25	1601,7	23,502	0,0147	1,6019E+06	0,000	-13,19	96,031	TruStrain™
18	6043,904	6682	49,52	1483	21,766	0,0147	1,4831E+06	0,000	-13,03	88,909	TruStrain™
19	6146,343	6784	47,76	1365,4	19,794	0,0145	1,3655E+06	0,000	-13,32	81,862	TruStrain™
20	6248,781	6887	46,03	1248,2	18,341	0,0147	1,2483E+06	0,000	-13,18	74,835	TruStrain™
21	6351,220	6989	44,27	1132,2	16,655	0,0147	1,1324E+06	0,000	-13,05	67,882	TruStrain™
22	6453,659	7092	42,54	1016,7	15,319	0,0151	1,0168E+06	0,000	-13,25	60,956	TruStrain™
23	6556,098	7194	40,80	903,42	13,901	0,0154	9,0352E+05	0,000	-13,02	54,164	TruStrain™
24	6658,537	7296	39,07	792,74	12,629	0,0159	7,9284E+05	0,000	-13,33	47,529	TruStrain™
25	6760,977	7399	37,32	685,82	12,072	0,0176	6,8592E+05	0,000	-13,25	41,12	TruStrain™
26	6863,416	7501	35,57	582,98	11,602	0,0199	5,831E+05	0,000	-13,07	34,955	TruStrain™
27	6965,854	7604	33,84	486,05	11,927	0,0245	4,8619E+05	0,000	-13,34	29,146	TruStrain™
28	7068,293	7706	32,10	396,44	12,635	0,0319	3,9664E+05	0,000	-13,23	23,778	TruStrain™
29	7170,732	7809	30,36	315,09	13,463	0,0427	3,1538E+05	0,000	-13,02	18,906	TruStrain™
30	7273,171	7911	28,62	240,86	13,854	0,0575	2,4126E+05	0,000	-13,27	14,463	TruStrain™
31	7375,610	8014	26,90	172,66	13,228	0,0766	1,7317E+05	0,000	-12,95	10,381	TruStrain™
32	7478,049	8116	25,16	113,1	12,448	0,11	1,1378E+05	0,000	-13,02	6,8209	TruStrain™
33	7580,488	8218	23,43	68,268	12,33	0,181	69372	0,000	-13,09	4,1587	TruStrain™
34	7682,927	8321	21,71	40,955	12,713	0,31	42883	0,000	-12,93	2,5707	TruStrain™
35	7785,366	8423	19,99	26,859	13,047	0,486	29860	0,000	-12,99	1,7901	TruStrain™
36	7887,805	8526	18,29	19,702	13,126	0,666	23674	0,000	-13,05	1,4192	TruStrain™
37	7990,244	8628	16,59	15,693	13,065	0,833	20420	0,000	-12,90	1,2241	TruStrain™
38	8092,684	8731	14,92	13,301	13,058	0,982	18640	0,000	-13,00	1,1174	TruStrain™
39	8195,122	8833	13,29	12,004	13,179	1,1	17827	0,000	-12,87	1,0687	TruStrain™
40	8297,562	8936	11,73	11,387	13,482	1,18	17648	0,000	-12,76	1,0579	TruStrain™
41	8400,000	9038	10,43	11,249	13,909	1,24	17888	0,000	-13,09	1,0723	TruStrain™

